time,ammonia,nitrite,nitrate,COD
1,35.762722791421595,1.839176909219626,22.019493276836883,51.54981795565608
2,35.754448758827344,1.9725253063660744,22.02086458930498,50.065225851815136
3,35.745316433961875,2.100818048153648,22.023837206442312,48.57681368370552
4,35.73543633210793,2.2246673812369737,22.02819435263753,47.08505090869087
5,35.72489832922292,2.344568228536801,22.033762506991952,45.59031837942611
6,35.71377670833924,2.460927523328343,22.04040023655301,44.09293014641137
7,35.70213371814349,2.5740847270216154,22.047990477411865,42.593148805095666
8,35.69002214802818,2.684326570202674,22.05643504698346,41.09119658259438
9,35.67748723331545,2.79189788993978,22.065650647376007,39.58726352734426
10,35.66456809240552,2.8970097579850047,22.075565893240512,38.081513677238966
11,35.65129882940874,2.9998456848649626,22.08611906067835,36.574089785054184
12,35.637709392937026,3.1005664292795436,22.09725635450432,35.06511699362193
13,35.62382625400605,3.1993137781451773,22.10893055519495,33.55470573287983
14,35.60967294762602,3.29621355457987,22.121099948635162,32.04295403127368
15,35.59527051021455,3.3913780383709153,22.133727469682718,30.529949380100945
16,35.58063783636927,3.484907933472,22.146780009598775,29.0157702521962
17,35.565791972491034,3.576893982093276,22.160227850614646,27.500487350238174
18,35.550748360429246,3.667418300061952,22.174044200247803,25.98416464130512
19,35.5995518233112,2.9074979168093624,22.19399570803977,24.41808810276202
20,35.666776296078915,2.1876146617796453,22.20908913981565,22.875977242577612
21,35.760917132257525,1.525452004054278,22.217116072668954,21.368963888153427
22,35.8956555812812,0.9495480180594361,22.214519857904705,19.91506634607508
23,36.09081971137215,0.5014066868487496,22.19614584087967,18.540647888320724
24,36.364084819498615,0.21831409701015597,22.157399290016592,17.269776676365485
25,36.38060947962506,0.5124589050250011,22.097444615678196,15.901172748609282
26,36.38816532005898,0.7497242558002176,22.06149391960749,14.493309669506125
27,36.390572591522634,0.9559802174073921,22.037588671619663,13.063004724283978
28,36.38951709045311,1.1418443612359537,22.02122071123738,11.617619931793048
29,36.385926952686134,1.3129396937094806,22.01012009746199,10.161185763389234
30,36.3803798624238,1.4726783375726913,22.002956841230894,8.696199533108484
31,36.37326512083683,1.6233180309622581,21.998873776783256,7.224337704439325
32,36.3648602164545,1.7664456900923613,21.99728080404516,5.746791165598302
33,36.35537139595643,1.903227738443211,21.997751478741908,4.2644423244705205
34,36.34495701942988,2.03455164009537,21.999965922520506,2.777966783655937
35,36.333741881355195,2.1611114348141616,22.00367699641511,1.2878955376713974
36,36.32182527328795,2.287204863233687,22.01628919693314,0.007539930555555555
37,36.30920102422251,2.4343932661116976,22.080233185199273,0.007539930555555555
38,36.29589801673246,2.5785624741402726,22.145412377076823,0.007539930555555555
39,36.28199246042969,2.72001365259078,22.21167048089413,0.007539930555555555
40,36.267548585084825,2.8589986088596473,22.278877464395627,0.007539930555555555
41,36.252621121519525,2.995730403945471,22.34692381009294,0.007539930555555555
42,36.23725715733559,3.1303912021928606,22.415716288019507,0.007539930555555555
43,36.29384490378381,2.6194578785211142,22.41861052257567,0.007539930555555555
44,36.36496632028467,2.131211870165189,22.417260901858675,0.007539930555555555
45,36.4550284379298,1.6722269974087196,22.410379480358944,0.007539930555555555
46,36.5701234742186,1.2516459077302624,22.39617563817223,0.007539930555555555
47,36.718359857633025,0.8817480666639446,22.372245471643325,0.007539930555555555
48,36.90930932743052,0.5772503311053868,22.335709894872696,0.007539930555555555
49,36.91380466922149,0.8067464192061226,22.357205345581463,0.007539930555555555
50,36.91361568046178,1.0148613052471487,22.39021425271394,0.007539930555555555
51,36.91012829383634,1.2084137979538485,22.430797323123862,0.007539930555555555
52,36.9041587027213,1.3912040776290373,22.476812755271283,0.007539930555555555
53,36.89623744892902,1.5656086691968478,22.526944992100503,0.007539930555555555
54,36.88673312559757,1.7332313358084313,22.580318535837936,0.007539930555555555
55,36.87591445312899,1.8952148237610649,22.636316553109285,0.007539930555555555
56,36.86398464644819,2.0524073815797794,22.694485465488526,0.007539930555555555
57,36.8511018764795,2.2054590957639015,22.754480446589348,0.007539930555555555
58,36.837392156779835,2.354881141210812,22.81603225549673,0.007539930555555555
59,36.8229578320832,2.5010840359400643,22.878926017505712,0.007539930555555555
60,36.80788337897035,2.644403336136623,22.942987084266218,0.007539930555555555
61,36.79223949314748,2.785117471490302,23.00807128750794,0.007539930555555555
62,36.776086045256996,2.9234604733893916,23.07405802676231,0.007539930555555555
63,36.75947426670499,3.059631276904419,23.14084524587559,0.007539930555555555
64,36.74244839774788,3.193800660304558,23.208345704217685,0.007539930555555555
65,36.72504695145792,3.3261165162702153,23.276484157277565,0.007539930555555555
66,36.70730369779808,3.456707920082476,23.34519518982191,0.007539930555555555
67,36.75549244809243,2.934206674406851,23.3482557968035,0.007539930555555555
68,36.8161252794804,2.4312838785901048,23.347685705427367,0.007539930555555555
69,36.89279571411853,1.9532847955028318,23.3424373682564,0.007539930555555555
70,36.990493777959976,1.507668092876352,23.331049511821032,0.007539930555555555
71,37.116058037257204,1.104727174342762,23.31150623595294,0.007539930555555555
72,37.27830606212157,0.7578790697269456,23.281181230414546,0.007539930555555555
73,37.27797189145435,0.970304026743822,23.3100962721788,0.007539930555555555
74,37.27409500398333,1.1669840337716029,23.347263620210775,0.007539930555555555
75,37.26758600577267,1.3522035648681752,23.390256897194014,0.007539930555555555
76,37.25902578816503,1.5285845199777082,23.437619495225903,0.007539930555555555
77,37.24881266046094,1.697870094151509,23.48839710426077,0.007539930555555555
78,37.23723419453935,1.861288914328581,23.5419249972872,0.007539930555555555
79,37.22450623101245,2.0197453954720643,23.59771861864859,0.007539930555555555
80,37.21079576247187,2.1739281050417074,23.655412115790668,0.007539930555555555
81,37.19623517943808,2.3243755795716052,23.714721415972875,0.007539930555555555
82,37.18093156696384,2.4715183924359176,23.77542084781334,0.007539930555555555
83,37.164973008634206,2.615707176897678,23.83732769494222,0.007539930555555555
84,37.14843299976885,2.757231942913886,23.90029162487019,0.007539930555555555
85,37.13137362131268,2.896335781550029,23.964187236982347,0.007539930555555555
86,37.11384787573791,3.0332248297020494,24.028908674952,0.007539930555555555
87,37.09590144095167,3.1680756712692735,24.094365645771134,0.007539930555555555
88,37.077574010483076,3.3010409372658573,24.160480421620967,0.007539930555555555
89,37.05890033350318,3.4322536130175854,24.22718554377275,0.007539930555555555
90,37.03991103308905,3.5618303993953715,24.294422037786862,0.007539930555555555
91,37.085266333219025,3.0360004365666273,24.296085330537323,0.007539930555555555
92,37.14248421018202,2.5288837129190207,24.294291523408365,0.007539930555555555
93,37.21493340955595,2.045487217770148,24.288059212726576,0.007539930555555555
94,37.307290182310595,1.5927930078216777,24.276020284137743,0.007539930555555555
95,37.42599605462752,1.1804812694178948,24.25627859747376,0.007539930555555555
96,37.57950816557345,0.8213872676134036,24.226321170042844,0.007539930555555555
97,37.57717312883317,1.0289100580330786,24.255981330710803,0.007539930555555555
98,37.57160658677012,1.2221645019350476,24.29305519972378,0.007539930555555555
99,37.56360191364614,1.4048335135988022,24.335469822163923,0.007539930555555555
100,37.553677237185994,1.579232864807154,24.381944584545703,0.007539930555555555
101,37.542193707643946,1.7469312261544525,24.43162385574833,0.007539930555555555
102,37.52941525865397,1.9090494440025996,24.483903042201984,0.007539930555555555
103,37.515541857983074,2.06642128368397,24.538336573242113,0.007539930555555555
104,37.50072937918932,2.2196868102760727,24.59458511176348,0.007539930555555555
105,37.485102154023316,2.3693500081419008,24.652383322782814,0.007539930555555555
106,37.46876126068776,2.5158160798736344,24.711519196966023,0.007539930555555555
107,37.45179019887956,2.6594165531952227,24.771820242009916,0.007539930555555555
108,37.43425889521202,2.800426739431907,24.83314394707678,0.007539930555555555
109,37.41622660393962,2.939078211813349,24.895371009334603,0.007539930555555555
110,37.397744054672906,3.0755679368411206,24.958400404708012,0.007539930555555555
111,37.378855073453636,3.210065094322918,25.02214572474377,0.007539930555555555
112,37.3595978271668,3.342716263034471,25.08653240399926,0.007539930555555555
113,37.34000579319409,3.4736494264419493,25.15149558722545,0.007539930555555555
114,37.320108525108616,3.6029771107546287,25.21697846492784,0.007539930555555555
115,37.36407178188774,3.0759093901736474,25.216919329507963,0.007539930555555555
116,37.41968071527448,2.567231277009017,25.213470437509585,0.007539930555555555
117,37.49022024688335,2.081823755337014,25.205674979421357,0.007539930555555555
118,37.5802487504982,1.6264901439547115,25.192199718123934,0.007539930555555555
119,37.69605519522828,1.210675786127828,25.17119429892235,0.007539930555555555
120,37.845946496626176,0.8469761044019456,25.14019236876273,0.007539930555555555
121,37.842420378649884,1.0527607995803312,25.168957880348398,0.007539930555555555
122,37.83577739439661,1.244809782834437,25.20483829982291,0.007539930555555555
123,37.82676957444144,1.426596140697639,25.24588335333559,0.007539930555555555
124,37.81589237101224,1.600325894883897,25.29087529972439,0.007539930555555555
125,37.803493279917724,1.7675039552212524,25.338994460482645,0.007539930555555555
126,37.789827437516216,1.929211240617242,25.38965846930594,0.007539930555555555
127,37.77508884480017,2.086255061830481,25.442436326168473,0.007539930555555555
128,37.759429161136076,2.2392571657005815,25.496998691738288,0.007539930555555555
129,37.742969642706214,2.388708394445097,25.553087347070324,0.007539930555555555
130,37.72580906141953,2.5350042430933053,25.61049550229632,0.007539930555555555
131,37.70802914759441,2.6784688916254873,25.669054590811175,0.007539930555555555
132,37.6896984436421,2.819371973238588,25.728625117912504,0.007539930555555555
133,37.67087510251401,2.9579405942516677,25.78909014080141,0.007539930555555555
134,37.65160896457694,3.0943681521327706,25.850350511546374,0.007539930555555555
135,37.63194312844879,3.2288209359323234,25.912321333985965,0.007539930555555555
136,37.61191515903442,3.3614431546397667,25.97492927667824,0.007539930555555555
137,37.591558030352466,3.4923608280285867,26.03811050228487,0.007539930555555555
138,37.570900871119726,3.621684839363051,26.101809049151466,0.007539930555555555
139,37.61397950388195,3.094078910830288,26.099981030365768,0.007539930555555555
140,37.66860716451692,2.5847175604454398,26.094795432525583,0.007539930555555555
141,37.738031190352615,2.098425312182807,26.085306431271817,0.007539930555555555
142,37.82675691260854,1.6419251268296657,26.07019642224807,0.007539930555555555
143,37.94100398360195,1.2245558011799724,26.04763575770869,0.007539930555555555
144,38.08900885298859,0.8588007281797575,26.015179778178368,0.007539930555555555
145,38.08460061171068,1.063901027858216,26.04256396919813,0.007539930555555555
146,38.07712638915959,1.255496745138051,26.07693552108896,0.007539930555555555
147,38.067320473269575,1.4369711778214789,26.11639657419362,0.007539930555555555
148,38.05566848935757,1.6104828637099127,26.15975656067243,0.007539930555555555
149,38.042511972831996,1.7775089087226705,26.20621146821635,0.007539930555555555
150,38.02810219769296,1.939112715946065,26.255188676018644,0.007539930555555555
151,38.012630532493674,2.0960899346241595,26.306263603841835,0.007539930555555555
152,37.996246769342086,2.2490542040591928,26.359111334973505,0.007539930555555555
153,37.97907079626531,2.3984905295903824,26.41347680882495,0.007539930555555555
154,37.96120035537109,2.544790081529888,26.469155558647373,0.007539930555555555
155,37.9427163840401,2.6882737573716993,26.525980769301963,0.007539930555555555
156,37.92368680212789,2.829208647264976,26.583814294484537,0.007539930555555555
157,37.90416926548001,2.9678198522365244,26.642540248280287,0.007539930555555555
158,37.88421321161047,3.1042991640022266,26.702060324127643,0.007539930555555555
159,37.86386140836503,3.2388115683112013,26.76229030482341,0.007539930555555555
160,37.84315114587018,3.371500203610118,26.823157413405962,0.007539930555555555
161,37.82211516747426,3.5024902008959553,26.8845982701727,0.007539930555555555
162,37.80078240640604,3.631891698471952,26.946557294743414,0.007539930555555555
163,37.843185982498206,3.1040060485632863,26.942999272399312,0.007539930555555555
164,37.89708641975878,2.5942860706176765,26.936102719355496,0.007539930555555555
165,37.965710558991006,2.1075255145319653,26.92492777397218,0.007539930555555555
166,38.05353472806723,1.6504034295146706,26.908165340635556,0.007539930555555555
167,38.16674044664563,1.2322000543048166,26.88399710546495,0.007539930555555555
168,38.313524691442694,0.8653361768326581,26.849990468972784,0.007539930555555555
169,38.30837846261556,1.0701355576863125,26.87586756081856,0.007539930555555555
170,38.30019373404282,1.2615517797275855,26.908666532033823,0.007539930555555555
171,38.28969554290315,1.4429213075329617,26.94651685297743,0.007539930555555555
172,38.27736436507426,1.6163777735104758,26.988242207751604,0.007539930555555555
173,38.26353859996741,1.7833836392444367,27.03304683644669,0.007539930555555555
174,38.24846748221326,1.9449930508557365,27.080363269536324,0.007539930555555555
175,38.232340985784816,2.1019954766201976,27.129770329830944,0.007539930555555555
176,38.215307910367954,2.2550002474244053,27.180945450665227,0.007539930555555555
177,38.19748741446425,2.4044892594333773,27.233635253199452,0.007539930555555555
178,38.178976689239896,2.5508513741130203,27.28763650991063,0.007539930555555555
179,38.1598562463886,2.6944057327786344,27.34278334138211,0.007539930555555555
180,38.140193670341645,2.8354180622004916,27.398938322618626,0.007539930555555555
181,38.12004634809765,2.9741123861667966,27.45598613365859,0.007539930555555555
182,38.099463498433195,3.110679632090004,27.513828918838744,0.007539930555555555
183,38.07848770884529,3.2452840828559957,27.57238282500142,0.007539930555555555
184,38.057156118985816,3.3780682984755583,27.63157537255377,0.007539930555555555
185,38.03550134530389,3.509156928821528,27.69134342720286,0.007539930555555555
186,38.013552212967916,3.6386597081796666,27.751631612942706,0.007539930555555555
187,38.05538304850948,3.110596511026581,27.746409846820345,0.007539930555555555
188,38.108676408266284,2.6006466427112773,27.737863225406624,0.007539930555555555
189,38.176645503515644,2.1135833978226537,27.72505583555232,0.007539930555555555
190,38.26374733725386,1.656056581029392,27.706684228231484,0.007539930555555555
191,38.376137913514405,1.2373072742491893,27.680937640654953,0.007539930555555555
192,38.5219874784862,0.8697139373436379,27.645391590145067,0.007539930555555555
193,38.51618621105632,1.0743588445295893,27.669760680745835,0.007539930555555555
194,38.507364574045454,1.2656986017344947,27.70101061865351,0.007539930555555555
195,38.49624169624308,1.4470397215173199,27.737288354930318,0.007539930555555555
196,38.48329475419833,1.6204998533046664,27.777426722572535,0.007539930555555555
197,38.46886013254152,1.787532035229825,27.820635274057587,0.007539930555555555
198,38.45318575229904,1.9491844429267808,27.866349863564754,0.007539930555555555
199,38.43646068686776,2.1062425498652493,27.914151513922647,0.007539930555555555
200,38.4188330933799,2.2593128970057923,27.963719180324706,0.007539930555555555
201,38.40042165670673,2.4088753634579927,28.01480057463116,0.007539930555555555
202,38.381323209296355,2.555317310167368,28.067193274059132,0.007539930555555555
203,38.36161798483271,2.6989567351097437,28.120732007508114,0.007539930555555555
204,38.34137334797977,2.8400584759079357,28.175279819330974,0.007539930555555555
205,38.320646508988524,2.978845852606815,28.23072175808062,0.007539930555555555
206,38.299486542312934,3.115509227017928,28.28696026182814,0.007539930555555555
207,38.27793591600472,3.2502124212899077,28.34391171462281,0.007539930555555555
208,38.25603166965931,3.3830976156172405,28.40150383062327,0.007539930555555555
209,38.23380633499366,3.5142891434203647,28.45967363537868,0.007539930555555555
210,38.21128866470968,3.643896472801954,28.51836588590876,0.007539930555555555
211,38.25260769509407,3.1156998048004168,28.511554163542662,0.007539930555555555
212,38.305362833530616,2.6055759742608084,28.50142877764189,0.007539930555555555
213,38.37275673246444,2.1182824331280656,28.48705686588627,0.007539930555555555
214,38.45923140493753,1.6604463083865513,28.46713934816999,0.007539930555555555
215,38.570923008697875,1.241278238487758,28.439871319271052,0.007539930555555555
216,38.71598083638441,0.8731235370360839,28.40283463521947,0.007539930555555555
217,38.709582585127585,1.0776727362830374,28.425738746226422,0.007539930555555555
218,38.700177942803506,1.26897580484246,28.45549328551605,0.007539930555555555
219,38.68848158666175,1.4503166675020238,28.49025838841406,0.007539930555555555
220,38.67496820198368,1.6238008917238989,28.52887380549871,0.007539930555555555
221,38.65997264917093,1.7908743787961654,28.570553113779344,0.007539930555555555
222,38.643741853689924,1.9525807753443711,28.614734689387717,0.007539930555555555
223,38.62646420518438,2.1097025201347606,28.661001226725773,0.007539930555555555
224,38.608287372040536,2.262844031869373,28.709032838640415,0.007539930555555555
225,38.58932967818451,2.412483653333919,28.75857806750581,0.007539930555555555
226,38.56968768214321,2.5590076011458107,28.809435103837135,0.007539930555555555
227,38.5494414048602,2.702733000272883,28.86143914046959,0.007539930555555555
228,38.52865804245249,2.843924008593526,28.91445357991173,0.007539930555555555
229,38.50739466929906,2.982803407496158,28.968363752043537,0.007539930555555555
230,38.4857002486343,3.1195611253497733,29.023072319230497,0.007539930555555555
231,38.46361715622384,3.2543606307964787,29.078495846663216,0.007539930555555555
232,38.44118235414887,3.387343812261584,29.134562196436395,0.007539930555555555
233,38.41842830830022,3.5186347597800696,29.191208516099888,0.007539930555555555
234,38.395383714918836,3.648342736486808,29.248379664144156,0.007539930555555555
235,38.436234650398276,3.120034398968188,29.240052205399124,0.007539930555555555
236,38.488499370377774,2.6097645715528066,29.22842091279618,0.007539930555555555
237,38.55537157129486,2.1222772703415944,29.212555508436648,0.007539930555555555
238,38.641280542863015,1.6641803770357704,29.191160616057175,0.007539930555555555
239,38.75234556905429,1.244658653190867,29.16243630431437,0.007539930555555555
240,38.8966980371178,0.8760291066439431,29.123969835935945,0.007539930555555555
241,38.889749437518816,1.0805081056188302,29.145466564799186,0.007539930555555555
242,38.879806277694584,1.2717903791214333,29.17378861221154,0.007539930555555555
243,38.86757951864178,1.4531409902786643,29.20710712281348,0.007539930555555555
244,38.85354176249975,1.6266553997669608,29.24426763434479,0.007539930555555555
245,38.83802659343517,1.7937735306501252,29.284487095380154,0.007539930555555555
246,38.82128010232649,1.9555352315296364,29.327205997168093,0.007539930555555555
247,38.803490104960545,2.1127203937690355,29.372008437309972,0.007539930555555555
248,38.78480385906398,2.265931653005383,29.41857550118707,0.007539930555555555
249,38.765339384935764,2.4156460601696623,29.46665642932954,0.007539930555555555
250,38.74519301040694,2.5622488688785454,29.51604992808523,0.007539930555555555
251,38.724444577031974,2.706056468861473,29.566591580663673,0.007539930555555555
252,38.70316113862312,2.847332445092637,29.618145091037825,0.007539930555555555
253,38.68139965469003,2.9862991246323976,29.67059602593557,0.007539930555555555
254,38.659208994310205,3.123146069996269,29.723847236573963,0.007539930555555555
255,38.636631455009834,3.2580364512271327,29.77781544065799,0.007539930555555555
256,38.61370393305703,3.391111910121015,29.832428624819897,0.007539930555555555
257,38.5904588383681,3.5224963308336275,29.887624039282983,0.007539930555555555
258,38.566924819098084,3.6522988029934536,29.94334662789435,0.007539930555555555
259,38.60734330062515,3.1238917276591263,29.933575565014507,0.007539930555555555
260,38.65915578300841,2.6134926882451732,29.920509595670445,0.007539930555555555
261,38.72554801226739,2.125833774477296,29.903220735084947,0.007539930555555555
262,38.81093797911699,1.6675057789531489,29.88041689472569,0.007539930555555555
263,38.92142996620416,1.247670461833511,29.85030256304153,0.007539930555555555
264,39.06513938574107,0.8786195883678514,29.810469822921995,0.007539930555555555
265,39.057680870993586,1.0830409699226564,29.83062048008832,0.007539930555555555
266,39.047238290976246,1.2743091918254534,29.8575745240126,0.007539930555555555
267,39.03451933564412,1.4556727183524323,29.889512786920125,0.007539930555555555
268,39.01999477120084,1.6292181032353068,29.925285906491705,0.007539930555555555
269,39.003997055900726,1.7963799954705901,29.9641138056945,0.007539930555555555
270,38.98677154371365,1.9581948901822304,30.00543884327088,0.007539930555555555
271,38.968505543348925,2.115440427913866,30.048846356555284,0.007539930555555555
272,38.949345949404695,2.2687176678640606,30.094018290619974,0.007539930555555555
273,38.92941051351167,2.418502518180477,30.140704503405594,0.007539930555555555
274,38.90879535922945,2.565179380167364,30.18870415758711,0.007539930555555555
275,38.887580169163996,2.7090639925116258,30.237853181803487,0.007539930555555555
276,38.865831870951595,2.8504194326560692,30.288015546830973,0.007539930555555555
277,38.843607322181654,2.98946762499635,30.33907702903455,0.007539930555555555
278,38.82095530833004,3.1263978076564167,30.390940646789602,0.007539930555555555
279,38.79791805740417,3.2613728858071074,30.443523252787813,0.007539930555555555
280,38.774532407151874,3.3945342823802016,30.496752943869833,0.007539930555555555
281,38.750830717680216,3.526005698753349,30.55056706109645,0.007539930555555555
282,38.72684159432189,3.6558960704534242,30.60491062380518,0.007539930555555555
283,38.76685877985574,3.1273994191670136,30.593765167169302,0.007539930555555555
284,38.81825203916202,2.616883162442662,30.579333035878218,0.007539930555555555
285,38.88419990888135,2.1290685757137107,30.560688324269528,0.007539930555555555
286,38.96911013156794,1.670530952860819,30.536541925448187,0.007539930555555555
287,39.079073372711434,1.2504111776562843,30.505102339335437,0.007539930555555555
288,39.222190503270355,0.8809780465067566,30.46396603517811,0.007539930555555555
289,39.21425843738544,1.0853491788569058,30.48283161478567,0.007539930555555555
290,39.203351822440794,1.2766065211665882,30.508480902517263,0.007539930555555555
291,39.19017539636434,1.4579835636480627,30.539103468627392,0.007539930555555555
292,39.175198266675025,1.6315588151777112,30.57355455666037,0.007539930555555555
293,39.1587518735903,1.79876215696761,30.611056778218163,0.007539930555555555
294,39.14108090434269,1.9606270505241594,30.651054181244852,0.007539930555555555
295,39.122372208597675,2.117929099137791,30.69313322502092,0.007539930555555555
296,39.10277235206407,2.271267934485452,30.73697663293831,0.007539930555555555
297,39.082398842929784,2.42111842946567,30.78233482208005,0.007539930555555555
298,39.06134761958584,2.5678642129929927,30.829007368477004,0.007539930555555555
299,39.03969822049745,2.71182043356659,30.876830513720016,0.007539930555555555
300,39.01751745883622,2.8532497083970676,30.925668470327384,0.007539930555555555
301,38.99486209969659,2.9923735966356313,30.975407204616648,0.007539930555555555
302,38.971780852656,3.12938104207909,31.025949886422126,0.007539930555555555
303,38.948315882585526,3.2644347095097253,31.07721349073351,0.007539930555555555
304,38.924503974065864,3.3976758231735813,31.129126214225092,0.007539930555555555
305,38.90037744193444,3.5292279184787265,31.18162548022542,0.007539930555555555
306,38.87596485259013,3.6591997909858933,31.234656376420006,0.007539930555555555
307,38.91560889767426,3.1306209311686857,31.222202605793054,0.007539930555555555
308,38.966612603164805,2.6199971428046918,31.20646980405879,0.007539930555555555
309,39.03214790330154,2.132039797801748,31.186533969638262,0.007539930555555555
310,39.116613153813326,1.6733099946966865,31.161108726733577,0.007539930555555555
311,39.22608653928882,1.252929484875608,31.128406252054358,0.007539930555555555
312,39.368655571475834,0.8831459693703512,31.086027044324936,0.007539930555555555
313,39.36028320560329,1.0874719704690425,31.103666758605996,0.007539930555555555
314,39.34894500743239,1.2787201665233734,31.12807230121736,0.007539930555555555
315,39.335343019558955,1.4601103821546866,31.15744121557044,0.007539930555555555
316,39.319944833593986,1.6337137764341698,31.190632952599,0.007539930555555555
317,39.30308095869841,1.8009558713587164,31.22687258184582,0.007539930555555555
318,39.28499547200276,1.9628673531605312,31.265605696396737,0.007539930555555555
319,39.26587480293825,2.120221960505845,31.3064197822334,0.007539930555555555
320,39.24586521601828,2.2736180180137517,31.348998275223344,0.007539930555555555
321,39.225083996415925,2.4235294503874054,31.3930921044123,0.007539930555555555
322,39.203626912843355,2.570339178901593,31.438501224373375,0.007539930555555555
323,39.18157337164843,2.7143618112071723,31.48506216332341,0.007539930555555555
324,39.15899008106111,2.855859542660943,31.53263935519922,0.007539930555555555
325,39.135933721356885,2.9950535975558568,31.581118940301653,0.007539930555555555
326,39.1124529324987,3.1321326497938333,31.63040422718368,0.007539930555555555
327,39.0885898214367,3.267259143681262,31.680412302833837,0.007539930555555555
328,39.064381123966875,3.4005741212029053,31.731071455337954,0.007539930555555555
329,39.03985911338039,3.532200965489774,31.782319183335506,0.007539930555555555
330,39.01505232033784,3.6622483436607456,31.83410063706248,0.007539930555555555
331,39.05434904938612,3.1335936364343024,31.820401522916995,0.007539930555555555
332,39.1049903354005,2.622870688049736,31.803430499473958,0.007539930555555555
333,39.17014203661286,2.1347817566776985,31.782265317515726,0.007539930555555555
334,39.25419386920534,1.6758748761744655,31.755622115072853,0.007539930555555555
335,39.363212523821325,1.2552541801074246,31.72171645507626,0.007539930555555555
336,39.505273183708965,0.8851479069256896,31.67815255478204,0.007539930555555555
337,39.49649115165196,1.0894328071540529,31.69462333780631,0.007539930555555555
338,39.484751311348866,1.2806729765253644,31.717843604857162,0.007539930555555555
339,39.470753230386144,1.4620756970980942,31.746018216029015,0.007539930555555555
340,39.45496310717183,1.6357053755328734,31.77801048712466,0.007539930555555555
341,39.437710594640976,1.8029835261543465,31.81304774710428,0.007539930555555555
342,39.4192392085914,1.9649382824000652,31.850577010113433,0.007539930555555555
343,39.39973499166643,2.1223416670879676,31.890186706737836,0.007539930555555555
344,39.379343931071574,2.275790801667646,31.93156092852998,0.007539930555555555
345,39.358183106598766,2.425758737768817,31.974451075783925,0.007539930555555555
346,39.336348130663595,2.5726277449342736,32.0186574515582,0.007539930555555555
347,39.31391828789283,2.716711932592171,32.06401684795763,0.007539930555555555
348,39.290960189815856,2.858273107419662,32.110393902778156,0.007539930555555555
349,39.26753043853808,2.9975321851313077,32.15767491650272,0.007539930555555555
350,39.24367760985604,3.1346775908758504,32.20576332538987,0.007539930555555555
351,39.21944375732483,3.2698715657236566,32.254576319523,0.007539930555555555
352,39.1948655717622,3.4032549836256853,32.30404227111773,0.007539930555555555
353,39.16997528815041,3.5349510873029995,32.354098748109195,0.007539930555555555
354,39.14480140419302,3.665068425426001,32.40469095827194,0.007539930555555555
355,39.18377466319555,3.1363435579543113,32.38980646469296,0.007539930555555555
356,39.23407854303636,2.625528930690836,32.371656710265675,0.007539930555555555
357,39.298873295432635,2.137318392456002,32.34932106280907,0.007539930555555555
358,39.38254066368716,1.678247921042392,32.32151798034582,0.007539930555555555
359,39.49113672585071,1.2574053845011566,32.28646615255019,0.007539930555555555
360,39.6327252603531,0.8870010212714031,32.24177323659305,0.007539930555555555
361,39.62356188554237,1.0912482358580342,32.25712961596648,0.007539930555555555
362,39.61144810866248,1.282481209376426,32.279220490442114,0.007539930555555555
363,39.597081217577376,1.4638956762680642,32.3062574552613,0.007539930555555555
364,39.580926126401664,1.6375498208435049,32.33710738719265,0.007539930555555555
365,39.5633116983301,1.8048614620175796,32.370999698270666,0.007539930555555555
366,39.54448093119404,1.966856378222435,32.407382713385694,0.007539930555555555
367,39.52461951061137,2.1243050087853246,32.44584573468876,0.007539930555555555
368,39.50387316774916,2.2778033644649476,32.4860734588644,0.007539930555555555
369,39.48235879272907,2.427823690724055,32.52781772119581,0.007539930555555555
370,39.46017185359908,2.5747476551905173,32.57087914644839,0.007539930555555555
371,39.43739152253721,2.718888907068228,32.61509477035119,0.007539930555555555
372,39.41408432172652,2.860508893939762,32.660329418906336,0.007539930555555555
373,39.390306781038674,2.999828246387066,32.70646954047342,0.007539930555555555
374,39.366107416970024,3.137035159674616,32.7534186891962,0.007539930555555555
375,39.341528233725825,3.2722916870289698,32.801094150312046,0.007539930555555555
376,39.31660588054939,3.4057385470745234,32.84942437367176,0.007539930555555555
377,39.29137255701035,3.537498852725419,32.89834699114248,0.007539930555555555
378,39.26585673034493,3.667681043135568,32.94780726356693,0.007539930555555555
379,39.30452860857735,3.1388911833107964,32.93179447695538,0.007539930555555555
380,39.35451822658759,2.627991667988707,32.91252264379131,0.007539930555555555
381,39.4189806540492,2.1396685734608467,32.889072626557045,0.007539930555555555
382,39.5022902642274,1.680446733452984,32.86016502795162,0.007539930555555555
383,39.61049332024229,1.259398974223252,32.824021429507624,0.007539930555555555
384,39.75164303439023,0.888718861633195,32.77825267530293,0.007539930555555555
385,39.74212455334079,1.0929313953445237,32.79254678342469,0.007539930555555555
386,39.72966251751953,1.2841578474958053,32.81356161374785,0.007539930555555555
387,39.71495211089189,1.4655833001207723,32.8395149735072,0.007539930555555555
388,39.69845706146441,1.639260192813269,32.86927702661866,0.007539930555555555
389,39.68050550268857,1.8066029307549216,32.90207910913004,0.007539930555555555
390,39.66133995359309,1.9686351159331612,32.9373707570905,0.007539930555555555
391,39.64114576966555,2.1261257237520375,32.974742078238535,0.007539930555555555
392,39.62006844526478,2.2796697378663158,33.01387832870201,0.007539930555555555
393,39.59822469505304,2.4297386580729783,33.05453174596953,0.007539930555555555
394,39.5757098535056,2.5767135951509528,33.096503252294255,0.007539930555555555
395,39.55260298874572,2.7209077724667066,33.139630108696906,0.007539930555555555
396,39.52897054026968,2.8625823052902564,33.183777315221676,0.007539930555555555
397,39.50486897109291,3.001957560301894,33.228831456969075,0.007539930555555555
398,39.480346742821716,3.1392215199732587,33.27469619707935,0.007539930555555555
399,39.45544581397783,3.2745360636332976,33.32128890875647,0.007539930555555555
400,39.43020279531624,3.40804176609647,33.36853811360829,0.007539930555555555
401,39.404649853621144,3.539861620082139,33.41638150257823,0.007539930555555555
402,39.37881542791986,3.670103963327244,33.46476438553217,0.007539930555555555
403,39.41720642130142,3.14125384330023,33.44767764830662,0.007539930555555555
404,39.466903233878405,2.630275650515642,33.427337678420734,0.007539930555555555
405,39.531056139714856,2.14184826847847,33.40282672158322,0.007539930555555555
406,39.61403269093658,1.6824862171909476,33.372867365499324,0.007539930555555555
407,39.721870062586895,1.2612483960728502,33.335683869470955,0.007539930555555555
408,39.86261166735791,0.8903129111660609,33.28889003319696,0.007539930555555555
409,39.85276241104853,1.0944934570042395,33.30217167080704,0.007539930555555555
410,39.839975938166745,1.2857139631918715,33.32216135768774,0.007539930555555555
411,39.82494548834234,1.4671496712106413,33.34708263871361,0.007539930555555555
412,39.808133692690596,1.6408477097108005,33.37580871630494,0.007539930555555555
413,39.78986800948664,1.8082193262089818,33.40757270593527,0.007539930555555555
414,39.77039051460033,1.970286108698286,33.44182526421867,0.007539930555555555
415,39.749886257880256,2.1278156775045547,33.47815724442592,0.007539930555555555
416,39.728500514396735,2.281402065306981,33.51625442052113,0.007539930555555555
417,39.706349836304845,2.4315160813620937,33.55586940233271,0.007539930555555555
418,39.683529434348735,2.5785383206760937,33.596803387531345,0.007539930555555555
419,39.66011828025181,2.722781612130442,33.638893845720645,0.007539930555555555
420,39.63618273689898,2.864506763108183,33.68200593807537,0.007539930555555555
421,39.61177920535596,3.0039338957559574,33.72602637628379,0.007539930555555555
422,39.586956096363686,3.1412507953480713,33.77085892437852,0.007539930555555555
423,39.561755326107225,3.2766191800444107,33.816421036976536,0.007539930555555555
424,39.53621346967113,3.410179491362968,33.862641302083325,0.007539930555555555
425,39.510362663453,3.5420546106051187,33.90945746529179,0.007539930555555555
426,39.48423132033417,3.6723527814880668,33.956814881803474,0.007539930555555555
427,39.522360465190864,3.1434467511974686,33.93870592353121,0.007539930555555555
428,39.571784386556665,2.6323955829991523,33.91734917603881,0.007539930555555555
429,39.63564891607782,2.143871497472044,33.89182816638348,0.007539930555555555
430,39.71831528648339,1.6843794598653443,33.86086732128529,0.007539930555555555
431,39.8258122496315,1.2629654625491478,33.822693381926925,0.007539930555555555
432,39.96617412174654,0.8917932638080881,33.774922891425646,0.007539930555555555
433,39.9560166719613,1.0959442581582133,33.78723960987316,0.007539930555555555
434,39.94292787821419,1.2871593220390383,33.80625270417319,0.007539930555555555
435,39.92759918125286,1.4686045959456777,33.83019102480741,0.007539930555555555
436,39.910492196725826,1.642322293258784,33.857930585926624,0.007539930555555555
437,39.891933757574805,1.8097207376276785,33.888706150431936,0.007539930555555555
438,39.87216552909031,1.9718196514782438,33.92196941273708,0.007539930555555555
439,39.851372277879,2.1293853995625924,33.95731191674947,0.007539930555555555
440,39.829699075751,2.2830111332112186,33.99441991622127,0.007539930555555555
441,39.80726232420728,2.433167021576755,34.03304636600085,0.007539930555555555
442,39.78415711927076,2.5802331814872295,34.07299271898252,0.007539930555555555
443,39.76046234327467,2.7245220760421636,34.11409663806099,0.007539930555555555
444,39.7362442880564,2.8662942271048477,34.15622343372376,0.007539930555555555
445,39.71155929722688,3.0057695300282106,34.19925993495325,0.007539930555555555
446,39.686455734349025,3.1431355871768876,34.243109999255786,0.007539930555555555
447,39.660975476338315,3.27855396720514,34.28769115666237,0.007539930555555555
448,39.63515506519158,3.4121649879700935,34.33293205666982,0.007539930555555555
449,39.609026609118345,3.544091427400633,34.37877049546924,0.007539930555555555
450,39.58261849674543,3.6744414419763336,34.425151870222685,0.007539930555555555
451,39.62050348583531,3.145483508819526,34.4060699336037,0.007539930555555555
452,39.66967301324694,2.6343646123078766,34.38374530774234,0.007539930555555555
453,39.73326879184736,2.145750795609669,34.357262707668234,0.007539930555555555
454,39.81564619478168,1.6861381647321596,34.325348265292384,0.007539930555555555
455,39.922826160461355,1.2645607400905359,34.286231023996685,0.007539930555555555
456,40.06283455512411,0.8931689543278875,34.2375300751757,0.007539930555555555
457,40.05238988330716,1.0972926129848566,34.24892726438015,0.007539930555555555
458,40.03901931325494,1.2885026814284855,34.26701006685644,0.007539930555555555
459,40.02341261980759,1.4699568748438907,34.29001224405729,0.007539930555555555
460,40.00603047766814,1.643692853284701,34.31681241445156,0.007539930555555555
461,39.98719914009823,1.811116230587739,34.346646867530346,0.007539930555555555
462,39.967159891667926,1.973244999594876,34.378968259689366,0.007539930555555555
463,39.946097236278526,2.130844360693827,34.41336877515963,0.007539930555555555
464,39.92415605718216,2.2845066477155735,34.449535112596415,0.007539930555555555
465,39.901452616102056,2.4347014359762555,34.48722054681143,0.007539930555555555
466,39.87808190260876,2.581808398622881,34.526226767398036,0.007539930555555555
467,39.85412271608002,2.7261396593181026,34.566391616512185,0.007539930555555555
468,39.829641282414784,2.8679554749398983,34.60758054310996,0.007539930555555555
469,39.804693891896896,3.007475530337215,34.64968048493958,0.007539930555555555
470,39.77932886429813,3.14488725808718,34.69259538617312,0.007539930555555555
471,39.753588040081745,3.2803520880524064,34.73624284675052,0.007539930555555555
472,39.72750793052916,3.414010223281922,34.780551573158334,0.007539930555555555
473,39.701120617682534,3.545984345725172,34.82545940846823,0.007539930555555555
474,39.67445446765162,3.676382530857278,34.87091178870721,0.007539930555555555
475,39.71211175371573,3.147376392012229,34.85090374970508,0.007539930555555555
476,39.76104407856363,2.636194603131219,34.82765780249372,0.007539930555555555
477,39.82438933340874,2.147497475704358,34.800259764330214,0.007539930555555555
478,39.90649745400208,1.6877728950710416,34.767437349416234,0.007539930555555555
479,40.01338212551064,1.2660437687293584,34.72742173821408,0.007539930555555555
480,40.15306135957829,0.8944481447307587,34.67783439064676,0.007539930555555555
481,40.14234895197264,1.0985464895885524,34.68835536763117,0.007539930555555555
482,40.12871569972773,1.2897519621702884,34.705552027061294,0.007539930555555555
483,40.112849833601224,1.471214470994008,34.72766268010224,0.007539930555555555
484,40.09521115569387,1.6449674545623558,34.75356835944229,0.007539930555555555
485,40.07612538148694,1.8124140132752196,34.782506770318335,0.007539930555555555
486,40.0558334422489,1.9745705352194127,34.81393146151786,0.007539930555555555
487,40.03451959804238,2.1322011401863508,34.84743521139384,0.007539930555555555
488,40.01232855707302,2.285897403170408,34.88270513145863,0.007539930555555555
489,39.98937645128447,2.4361283481741736,34.919494793464445,0.007539930555555555
490,39.9657581713982,2.583273236377639,34.957606106678504,0.007539930555555555
491,39.94155243975459,2.727643876231945,34.99687707962228,0.007539930555555555
492,39.91682542101339,2.8695002785160035,35.03717328975185,0.007539930555555555
493,39.89163335592886,3.009061932559895,35.0783817757412,0.007539930555555555
494,39.86602452359779,3.146516113226579,35.12040656216974,0.007539930555555555
495,39.84004073062365,3.2820241214463084,35.16316531382584,0.007539930555555555
496,39.81371845975615,3.415726053607813,35.206586790047936,0.007539930555555555
497,39.78708976872945,3.5477445024864753,35.250608877371796,0.007539930555555555
498,39.76018300273577,3.6781874682915197,35.29517704784415,0.007539930555555555
499,39.79762789220716,3.1491365384527876,35.27428752993954,0.007539930555555555
500,39.846339000171184,2.637896319537857,35.25016458829419,0.007539930555555555
501,39.90945066939909,2.1491218012090374,35.22189506353459,0.007539930555555555
502,39.991307786498844,1.6892932353529646,35.18820813911131,0.007539930555555555
503,40.097917298867266,1.267423206924311,35.147336980604486,0.007539930555555555
504,40.237289912643014,0.8956382469941674,35.09690525067351,0.007539930555555555
505,40.22632788391535,1.099713127482023,35.106591346621286,0.007539930555555555
506,40.21244970338884,1.2909143632984845,35.12294395499553,0.007539930555555555
507,40.19634216954206,1.4723846237211053,35.144205605382396,0.007539930555555555
508,40.17846427465512,1.64615343034026,35.16925957016404,0.007539930555555555
509,40.15914123494556,1.813621550570462,35.197344868479924,0.007539930555555555
510,40.1386136535984,1.9758038825160458,35.22791587753325,0.007539930555555555
511,40.11706556419673,2.133463542426318,35.26056592730692,0.007539930555555555
512,40.09464151233603,2.287191400439734,35.29498251268786,0.007539930555555555
513,40.07145750938479,2.437455968386047,35.33091948118186,0.007539930555555555
514,40.04760835421729,2.5846361246771314,35.36817894606049,0.007539930555555555
515,40.023172697586986,2.7290433848617113,35.40659907033994,0.007539930555555555
516,39.99821664724337,2.8709375310153598,35.44604555079967,0.007539930555555555
517,39.97279639790949,3.010537870754138,35.48640551982176,0.007539930555555555
518,39.94696019087858,3.148031532351128,35.527583076631664,0.007539930555555555
519,39.920749801283556,3.283579696889817,35.56949594620767,0.007539930555555555
520,39.8942016853544,3.4173223616081434,35.61207293693143,0.007539930555555555
521,39.86734787823104,3.5493820363805524,35.6552519756587,0.007539930555555555
522,39.840216705662854,3.6798666514408254,35.69897856783845,0.007539930555555555
523,39.87746344407062,3.1507740872521297,35.6772500506186,0.007539930555555555
524,39.92596820614405,2.6394795600255523,35.652292318057874,0.007539930555555555
525,39.98886203777583,2.150633114964889,35.62319316153099,0.007539930555555555
526,40.07048513395544,1.6907079112241667,35.58868312962506,0.007539930555555555
527,40.17683817925322,1.2687069393769426,35.54699723300267,0.007539930555555555
528,40.31592508128201,0.8967460143707544,35.495761183965996,0.007539930555555555
529,40.30473027813103,1.1007991254686593,35.50465182896226,0.007539930555555555
530,40.29062368369349,1.2919964484527844,35.520200513275746,0.007539930555555555
531,40.274290766929155,1.4734739346105614,35.540653680634634,0.007539930555555555
532,40.25618976805279,1.6472574687508346,35.56489668265171,0.007539930555555555
533,40.236645439473946,1.8147456513558966,35.592169758663545,0.007539930555555555
534,40.215898079519484,1.9769519962189974,35.62192805539467,0.007539930555555555
535,40.19413151128661,2.1346386870210137,35.65376541532448,0.007539930555555555
536,40.17149012922138,2.2883959387821835,35.687369689554615,0.007539930555555555
537,40.14808983260279,2.4386917872336484,35.722494981822976,0.007539930555555555
538,40.12402533491316,2.585904754936902,35.75894359496485,0.007539930555555555
539,40.09937522034552,2.7303460851086245,35.796553835550284,0.007539930555555555
540,40.0742055437316,2.8722753471638773,35.83519151122401,0.007539930555555555
541,40.0485724569905,3.0119116797380587,35.87474384142374,0.007539930555555555
542,40.02252416626086,3.1494420747766925,35.91511499471065,0.007539930555555555
543,39.99610241740877,3.285027601899305,35.956222751959665,0.007539930555555555
544,39.96934364200165,3.418808166122585,35.99799596708594,0.007539930555555555
545,39.94227985416648,3.550906200209396,36.04037260436819,0.007539930555555555
546,39.914939361570156,3.681429569301152,36.08329820024623,0.007539930555555555
547,39.95200121168633,3.152298291164376,36.060771122611506,0.007539930555555555
548,40.00031346727614,2.640953266099219,36.03501878078475,0.007539930555555555
549,40.063004109267155,2.152039942736764,36.00512984993183,0.007539930555555555
550,40.144408970660294,1.6920248860108582,35.9698361477745,0.007539930555555555
551,40.25052291131688,1.2699021637582342,35.92737440086347,0.007539930555555555
552,40.38934350891256,0.8977776148274155,35.87537222963188,0.007539930555555555
553,40.3779316048049,1.1018105125784077,35.88350503474219,0.007539930555555555
554,40.36361196342203,1.2930042158484112,35.89828804525587,0.007539930555555555
555,40.34706881878004,1.4744884374263059,35.91797133918705,0.007539930555555555
556,40.32875971222803,1.6482856832712942,35.94144219965196,0.007539930555555555
557,40.30900896504598,1.8157925399299468,35.96794199985794,0.007539930555555555
558,40.28805659211853,1.9780212342956383,35.99692660176671,0.007539930555555555
559,40.266086220809356,2.135733082932086,36.027990324272324,0.007539930555555555
560,40.243242104990046,2.2895176916234212,36.06082134964196,0.007539930555555555
561,40.21964003968086,2.4398426532886495,36.09517401983716,0.007539930555555555
562,40.19537465893101,2.5870861594818577,36.13085081393407,0.007539930555555555
563,40.170524485013445,2.7315592000762003,36.16769017196193,0.007539930555555555
564,40.14515552352868,2.8735211466378834,36.20555800462617,0.007539930555555555
565,40.11932388657184,3.0131909805795254,36.244341612281794,0.007539930555555555
566,40.093077747573105,3.1507555669965837,36.28394522792595,0.007539930555555555
567,40.06645882516795,3.28637587178731,36.32428668436949,0.007539930555555555
568,40.03950352797583,3.4201917141483245,36.36529487782335,0.007539930555555555
569,40.012243850571735,3.552325455079474,36.40690780731729,0.007539930555555555
570,39.984708083796995,3.6828848991416043,36.44907103805855,0.007539930555555555
571,40.02159739732515,3.153717610822664,36.42578389633586,0.007539930555555555
572,40.06973003033716,2.6423256134591497,36.3992752016321,0.007539930555555555
573,40.132231112830816,2.153350080171092,36.36863445110268,0.007539930555555555
574,40.21343242006583,1.6932514417809121,36.33259464298444,0.007539930555555555
575,40.3193233917764,1.2710154635712663,36.28939410039888,0.007539930555555555
576,40.45789570921792,0.898738692765755,36.236662220982275,0.007539930555555555
577,40.44628129118787,1.1027528078121787,36.24407305752669,0.007539930555555555
578,40.431762906910386,1.2939431573254847,36.25812685250101,0.007539930555555555
579,40.415023642606585,1.475433657227901,36.27707706048734,0.007539930555555555
580,40.396520389820175,1.6492436724043982,36.29981275994058,0.007539930555555555
581,40.37657706885471,1.8167679165940946,36.32557637831904,0.007539930555555555
582,40.35543343092094,1.9790174196873003,36.353824442732716,0.007539930555555555
583,40.333272921271735,2.1367526915548725,36.38415171518483,0.007539930555555555
584,40.3102396629716,2.2905627711153667,36.41624668598102,0.007539930555555555
585,40.28644935401632,2.4409148392219846,36.449863918677174,0.007539930555555555
586,40.26199655452794,2.5881867793733644,36.48480605628601,0.007539930555555555
587,40.23695972914771,2.7326893456453094,36.52091166297224,0.007539930555555555
588,40.21140483765208,2.8746817254438763,36.55804674529352,0.007539930555555555
589,40.185387955066865,3.0143827538269305,36.59609867885265,0.007539930555555555
590,40.15895722437529,3.151979177801177,36.6349717565577,0.007539930555555555
591,40.13215433886407,3.287631866702052,36.674583859497496,0.007539930555555555
592,40.1050156857904,3.421480559824941,36.714863923189505,0.007539930555555555
593,40.077573241528,3.5536475513527637,36.755749978947996,0.007539930555555555
594,40.049855281254914,3.6842405894384913,36.79718761869524,0.007539930555555555
595,40.08658356471871,3.1550397957684857,36.77317705993626,0.007539930555555555
596,40.13454857336576,2.6436040904029854,36.74594843542783,0.007539930555555555
597,40.19687278400046,2.15457066755885,36.71459200721431,0.007539930555555555
598,40.27788419524707,1.6943942490429085,36.67784187216217,0.007539930555555555
599,40.3835672006944,1.27205287081657,36.633937839660994,0.007539930555555555
600,40.5219079865977,0.8996344221338122,36.58051096331208,0.007539930555555555
601,40.51010463490713,1.1036310716242916,36.58723403928849,0.007539930555555555
602,40.49540082647017,1.2948183092933585,36.60059336625114,0.007539930555555555
603,40.478478580108224,1.476314661427496,36.618845537743994,0.007539930555555555
604,40.45979418285141,1.6501365712716185,36.6408813019158,0.007539930555555555
605,40.439671181877415,1.8176770100753354,36.665944066964464,0.007539930555555555
606,40.41834908299037,1.9799458937728114,36.69349097888225,0.007539930555555555
607,40.39601116192367,2.1377029813811466,36.72311721200887,0.007539930555555555
608,40.37280141996462,2.2915367841193457,36.75451154331521,0.007539930555555555
609,40.34883546477444,2.441914099202226,36.787428742580765,0.007539930555555555
610,40.32420778764017,2.589212523297871,36.82167160538074,0.007539930555555555
611,40.29899679953806,2.7337425909133533,36.85707881139603,0.007539930555555555
612,40.2732684175725,2.875763317957209,36.89351645637229,0.007539930555555555
613,40.24707868224848,3.015493403187237,36.930871985918984,0.007539930555555555
614,40.22047570819475,3.1531194836279703,36.96904974867226,0.007539930555555555
615,40.19350116509074,3.288802338676295,37.007967670618164,0.007539930555555555
616,40.166191420298865,3.4226816332040633,37.0475547238178,0.007539930555555555
617,40.13857843324156,3.554879599155153,37.08774896959084,0.007539930555555555
618,40.11069046450901,3.685503932137137,37.12849602467917,0.007539930555555555
619,40.14726843990066,3.1562719550414964,37.10379693540295,0.007539930555555555
620,40.195077000858255,2.644795566117873,37.07588305836316,0.007539930555555555
621,40.25723615384378,2.1557082549543796,37.04384536768871,0.007539930555555555
622,40.3380703808131,1.6954594274585972,37.006418983141835,0.007539930555555555
623,40.44355937522185,1.273019920593343,36.9618450983211,0.007539930555555555
624,40.58168420032358,0.9004695527328891,36.9077563104387,0.007539930555555555
625,40.569704561674946,1.104449950853222,36.9138242440957,0.007539930555555555
626,40.554827733865324,1.2956342972264243,36.92652221772961,0.007539930555555555
627,40.537734742558754,1.4771361044129918,36.94410974454787,0.007539930555555555
628,40.51888131212532,1.650969096730302,36.96547912633763,0.007539930555555555
629,40.49859064236647,1.818524623391149,36.98987468409887,0.007539930555555555
630,40.47710201057435,1.9808115631649563,37.01675413993111,0.007539930555555555
631,40.454598534611414,2.138588975864457,37.0457130520523,0.007539930555555555
632,40.43122410234393,2.292444881245676,37.07644046432837,0.007539930555555555
633,40.40709423729013,2.442845719191732,37.108691338542585,0.007539930555555555
634,40.382303366615865,2.5901688191851626,37.14226861230903,0.007539930555555555
635,40.35692985130452,2.734724511187232,37.1770110728499,0.007539930555555555
636,40.33103956870669,2.8767716513324273,37.21278489893294,0.007539930555555555
637,40.30468852716652,3.016528811388523,37.249477601325,0.007539930555555555
638,40.27792481489584,3.154182525904967,37.28699358052058,0.007539930555555555
639,40.25079007957976,3.289893490475054,37.32525080427542,0.007539930555555555
640,40.22332067004462,3.4238013006207266,37.36417827863948,0.007539930555555555
641,40.19554852991947,3.5560281302873715,37.403714092830384,0.007539930555555555
642,40.16750190620298,3.686681626115323,37.443803886656895,0.007539930555555555
643,40.203939566880294,3.1574206191628744,37.41844947727906,0.007539930555555555
644,40.251602094331865,2.645906350637946,37.38988336250187,0.007539930555555555
645,40.3136071939103,2.1567688593433973,37.35719717966464,0.007539930555555555
646,40.39427607153017,1.696452599146369,37.31912700132287,0.007539930555555555
647,40.4995840409181,1.2739216990519087,37.27391531077322,0.007539930555555555
648,40.63750738731666,0.9012484509134736,37.21919614464249,0.007539930555555555
649,40.625363242226136,1.1052137182392894,37.22464003522955,0.007539930555555555
650,40.61032495159781,1.2963953748217034,37.23670821197836,0.007539930555555555
651,40.59307261656432,1.4779022668352935,37.25366290515741,0.007539930555555555
652,40.5740614375479,1.6517455871103643,37.27439786289412,0.007539930555555555
653,40.55361429080115,1.8193151742574245,37.29815825614727,0.007539930555555555
654,40.531970240743085,1.98161894095025,37.3244023435426,0.007539930555555555
655,40.509312258151226,2.139415295611962,37.352726040835265,0.007539930555555555
656,40.485784125209484,2.2932918000898432,37.382818640483805,0.007539930555555555
657,40.46150128702801,2.443714561299502,37.41443528310942,0.007539930555555555
658,40.43655811101812,2.5910606597353607,37.44737903862107,0.007539930555555555
659,40.41103291157282,2.735640234730794,37.48148879439734,0.007539930555555555
660,40.38499152899312,2.877711993508739,37.51663080651854,0.007539930555555555
661,40.358489941649005,3.017494389474247,37.5526926464191,0.007539930555555555
662,40.331576213131214,3.155173861658949,37.58957876286908,0.007539930555555555
663,40.30429197062517,3.2909110275387565,37.62720716249884,0.007539930555555555
664,40.276673545680936,3.4248454179885526,37.665506882982214,0.007539930555555555
665,40.248752867207116,3.5570991528862796,37.704416039484656,0.007539930555555555
666,40.22055816953433,3.68777983322232,37.74388029326063,0.007539930555555555
667,40.25686483179696,3.1584917948571882,37.71790217843443,0.007539930555555555
668,40.30439103184339,2.6469422477704057,37.688715257566415,0.007539930555555555
669,40.36625233067227,2.157758015103802,37.6554117859349,0.007539930555555555
670,40.44676688106227,1.69737893573462,37.616728723946565,0.007539930555555555
671,40.55190591393531,1.2747628857365367,37.570909757009,0.007539930555555555
672,40.68964125668747,0.9019751355353804,37.515590264467356,0.007539930555555555
673,40.677343581556265,1.1059263073672845,37.520439760208404,0.007539930555555555
674,40.66215459700864,1.2971054586391046,37.53190820970331,0.007539930555555555
675,40.64475354313684,1.4786170903751894,37.54826037293209,0.007539930555555555
676,40.62559513225191,1.6524700373883183,37.56839134507446,0.007539930555555555
677,40.60500193912467,1.8200527308643597,37.59154708886903,0.007539930555555555
678,40.58321282978897,1.9823721832079606,37.61718636281151,0.007539930555555555
679,40.560410637932094,2.14018619575245,37.64490541579424,0.007539930555555555
680,40.53673904722782,2.294081903530899,37.67439377191201,0.007539930555555555
681,40.51231342969442,2.4445251030737007,37.70540673842467,0.007539930555555555
682,40.48722809703705,2.59189264275632,37.73774750850666,0.007539930555555555
683,40.46156132021293,2.7364944841879764,37.771255062849924,0.007539930555555555
684,40.43537890498099,2.878589195752219,37.80579572955678,0.007539930555555555
685,40.40873680176503,3.018395120491806,37.84125713656893,0.007539930555555555
686,40.38168305119998,3.156098608372891,37.87754377761235,0.007539930555555555
687,40.354259261357996,3.2918602040279676,37.91457369551038,0.007539930555555555
688,40.326501747681036,3.4258193780471693,37.952275957370254,0.007539930555555555
689,40.29844242535264,3.558098199887658,37.99058870249961,0.007539930555555555
690,40.270109516892006,3.6888042279673363,38.02945761209807,0.007539930555555555
691,40.30629386762004,3.159491013564411,38.00288588717713,0.007539930555555555
692,40.35369278847373,2.647908602009516,37.97310808426112,0.007539930555555555
693,40.41541984140535,2.1586808187322974,37.93921703460182,0.007539930555555555
694,40.49579033270066,1.698243200071526,37.89995052625209,0.007539930555555555
695,40.60077168584178,1.2755477911312776,37.853553365501966,0.007539930555555555
696,40.738331567694885,0.9026533098761562,37.797662184622325,0.007539930555555555
697,40.725890592056714,1.1065913436909172,37.80194554796771,0.007539930555555555
698,40.7105609507341,1.2977681588697927,37.81284292138155,0.007539930555555555
699,40.69302108156761,1.4792842086329894,37.82862142116221,0.007539930555555555
700,40.67372524195824,1.6531461304453263,37.84817739759125,0.007539930555555555
701,40.65299572564711,1.8207410436747655,37.87075755128404,0.007539930555555555
702,40.63107121371495,1.9830751214733653,37.89582110663425,0.007539930555555555
703,40.60813441202653,2.140905599158108,37.92296462305273,0.007539930555555555
704,40.58432891239775,2.2948192137837085,37.95187784054915,0.007539930555555555
705,40.559770018686315,2.4452814724409033,37.98231622171081,0.007539930555555555
706,40.534551990647195,2.592669007034939,38.01408307460507,0.007539930555555555
707,40.508753058728544,2.737291613422581,38.04701746689157,0.007539930555555555
708,40.48243899647408,2.8794077304936496,38.080985793789104,0.007539930555555555
709,40.45566572824319,3.019235598352689,38.11587573588893,0.007539930555555555
710,40.428481273260466,3.156961483888403,38.15159182879579,0.007539930555555555
711,40.400927221771504,3.2927458637847584,38.18805214904002,0.007539930555555555
712,40.373039874194205,3.42672815239619,38.22518579113224,0.007539930555555555
713,40.34485113291102,3.5590303721440706,38.26293091684914,0.007539930555555555
714,40.31638920942472,3.68976004173075,38.301233225945246,0.007539930555555555
715,40.35245935012011,3.1604233745972095,38.274096539764926,0.007539930555555555
716,40.39973942845794,2.648810340267318,38.24375634318154,0.007539930555555555
717,40.461341142133094,2.1595419686276776,38.209306004493385,0.007539930555555555
718,40.541577142639426,1.6990497833282556,38.16948408354789,0.007539930555555555
719,40.64641130156304,1.2762803900695214,38.12253643213561,0.007539930555555555
720,40.78380740150448,0.9032863900437413,38.06610085202291,0.007539930555555555
721,40.771232660875285,1.1072121721738803,38.06984502224592,0.007539930555555555
722,40.75577171979658,1.298386806759007,38.08019861768202,0.007539930555555555
723,40.73810226833406,1.4799069746663196,38.09543095034352,0.007539930555555555
724,40.718678139760705,1.6537772649385225,38.114439540394734,0.007539930555555555
725,40.69782136575682,1.8213835737809938,38.1364717763507,0.007539930555555555
726,40.675770454911,1.983731291690878,38.16098731699574,0.007539930555555555
727,40.6527079938656,2.141577126076852,38.187583011277766,0.007539930555555555
728,40.62877748875249,2.2955074427744613,38.21594880053645,0.007539930555555555
729,40.60409417984625,2.445987478874987,38.24584029219123,0.007539930555555555
730,40.57875227843797,2.5933936643395112,38.27706090143355,0.007539930555555555
731,40.55282997718444,2.738035640386428,38.309449777003124,0.007539930555555555
732,40.52639301957417,2.8801717250888723,38.34287337668328,0.007539930555555555
733,40.499497305649655,3.0200200625067435,38.3772194301364,0.007539930555555555
734,40.47219083466019,3.157766842011897,38.41239251199109,0.007539930555555555
735,40.44451518021945,3.293572476885596,38.448310730178704,0.007539930555555555
736,40.416506628728555,3.4275763290071057,38.48490320473104,0.007539930555555555
737,40.388197070626525,3.5599003769060915,38.52210811834264,0.007539930555555555
738,40.35961470713823,3.690652102223068,38.55987118803456,0.007539930555555555
739,40.39557819467568,3.16129358365332,38.532196812196176,0.007539930555555555
740,40.44274729848401,2.6496520091089404,38.50132134318028,0.007539930555555555
741,40.504231977114245,2.1603458005873097,38.466338650199695,0.007539930555555555
742,40.58434240522229,1.6998027381071452,38.42598801305051,0.007539930555555555
743,40.689039139797856,1.276964351555421,38.37851625902494,0.007539930555555555
744,40.8262823360218,0.903877530354732,38.321562281823745,0.007539930555555555
745,40.81358272073343,1.1077918819919799,38.324792935032065,0.007539930555555555
746,40.797999204519726,1.2989644791213377,38.334628760054585,0.007539930555555555
747,40.78020878018911,1.4804884856137144,38.34934111574861,0.007539930555555555
748,40.76066488544472,1.6543665802268102,38.367828613125326,0.007539930555555555
749,40.739689307510915,1.821983518268074,38.38933928223087,0.007539930555555555
750,40.71752039405204,1.9843439601127875,38.41333318700064,0.007539930555555555
751,40.694340620473376,2.1422041206405846,38.439407446444406,0.007539930555555555
752,40.670293412956276,2.296150019315382,38.46725218969163,0.007539930555555555
753,40.64549395244337,2.446646641283138,38.4966231592506,0.007539930555555555
754,40.620036405000434,2.594070228052788,38.527323870223995,0.007539930555555555
755,40.593998928017186,2.7387302765284245,38.559193546965574,0.007539930555555555
756,40.56744723693393,2.8808849920275117,38.59209870559745,0.007539930555555555
757,40.540437209099565,3.0207524289699923,38.62592712153081,0.007539930555555555
758,40.51301682512166,3.158518704377549,38.66058340576842,0.007539930555555555
759,40.48522764309213,3.2943441723527584,38.695985695502976,0.007539930555555555
760,40.45710593633063,3.42836814579436,38.73206313454091,0.007539930555555555
761,40.42868358413035,3.560712562262184,38.76875392505586,0.007539930555555555
762,40.39998877812416,3.6914848688012585,38.80600380014036,0.007539930555555555
763,40.43585266248616,3.162105987279714,38.77781769497199,0.007539930555555555
764,40.482918130697136,2.650437808070625,38.74643277286877,0.007539930555555555
765,40.544293518366985,2.1610963195684723,38.710943370401004,0.007539930555555555
766,40.624286688607114,1.7005058080688982,38.67008943915731,0.007539930555555555
767,40.72885510429799,1.2776030654580515,38.6221187168941,0.007539930555555555
768,40.865955532118,0.9044296460662868,38.564671117104616,0.007539930555555555
769,40.85313933247846,1.1083333286703454,38.56741272374166,0.007539930555555555
770,40.83744137750819,1.299504020317296,38.57675555515451,0.007539930555555555
771,40.81953800963554,1.4810316047728638,38.5909728789583,0.007539930555555555
772,40.7998822975063,1.6549169787233275,38.60896432366223,0.007539930555555555
773,40.77879580023758,1.822543832960728,38.62997851779623,0.007539930555555555
774,40.756516715314795,1.9849161465285001,38.65347590329459,0.007539930555555555
775,40.73322741432512,2.142789674642596,38.67905385114097,0.007539930555555555
776,40.70907124882625,2.296750113481209,38.70640266567831,0.007539930555555555
777,40.68416334437987,2.4472622130214123,38.73527821545272,0.007539930555555555
778,40.65859782483649,2.5947020388586903,38.76548410877803,0.007539930555555555
779,40.63245281466479,2.7393789531783534,38.796859640544106,0.007539930555555555
780,40.60579400312252,2.881551056035039,38.829271381286695,0.007539930555555555
781,40.578677246374085,3.0214363181624693,38.86260714908032,0.007539930555555555
782,40.55115050762474,3.159220789035331,38.89677158884123,0.007539930555555555
783,40.5232553304768,3.295064767504692,38.93168286503675,0.007539930555555555
784,40.49502797603827,3.429107520737955,38.9672701436264,0.007539930555555555
785,40.466500313197514,3.561470948041959,39.00347164492747,0.007539930555555555
786,40.43770052463359,3.692262464159623,39.040233116995964,0.007539930555555555
787,40.47347138387756,3.1628646037946573,39.01155999435331,0.007539930555555555
788,40.52044006306593,2.6511716195507633,38.97969019877222,0.007539930555555555
789,40.58171338285496,2.1617972281821283,38.94371850299743,0.007539930555555555
790,40.66159704843146,1.701162454514366,38.90238548565693,0.007539930555555555
791,40.76604563354546,1.278199666468851,38.853939734510355,0.007539930555555555
792,40.90301273872126,0.9049454337906456,38.79602211571083,0.007539930555555555
793,40.890087686809736,1.1088391539732412,38.798297995625205,0.007539930555555555
794,40.874282882099024,1.3000080620045047,38.80717143660335,0.007539930555555555
795,40.85627406016362,1.4815389814469702,38.82091748685048,0.007539930555555555
796,40.836513945219835,1.6554311459909088,38.83843672426037,0.007539930555555555
797,40.815323883468515,1.8230672528754708,38.85897833585931,0.007539930555555555
798,40.79294193220292,1.9854506451516607,38.88200311635273,0.007539930555555555
799,40.76955036608796,2.1433366489187655,38.90710867189004,0.007539930555555555
800,40.74529246701087,2.297310658530046,38.93398547033922,0.007539930555555555
801,40.720283308825636,2.447837204391195,38.96238949787194,0.007539930555555555
802,40.69461697596611,2.5952921878430804,38.99212444978613,0.007539930555555555
803,40.66837156216211,2.7399848452752784,39.023029686788476,0.007539930555555555
804,40.64161273222345,2.88217317844787,39.05497183018069,0.007539930555555555
805,40.61439632253374,3.022075079945687,39.08783873783334,0.007539930555555555
806,40.586770280048725,3.1598765361639742,39.12153508628979,0.007539930555555555
807,40.558776134840976,3.2957377943552575,39.15597906544635,0.007539930555555555
808,40.530450136616096,3.42979807897808,39.191099861909855,0.007539930555555555
809,40.501824144546944,3.5621792536137113,39.22683571290154,0.007539930555555555
810,40.47292633295197,3.692988702836583,39.26313238041166,0.007539930555555555
811,40.508610305633475,3.163573151099517,39.233995763473374,0.007539930555555555
812,40.55548858401538,2.651857035692143,39.201664493488266,0.007539930555555555
813,40.61666657420698,2.162451952318283,39.16523375038369,0.007539930555555555
814,40.69644796631655,1.7017758802927463,39.12344469821423,0.007539930555555555
815,40.80078463562235,1.2787570556557695,39.07454671850871,0.007539930555555555
816,40.93762722351797,0.9054273898732449,39.016181567580965,0.007539930555555555
817,40.924600531892914,1.109311803817769,39.01801394274369,0.007539930555555555
818,40.90869595696939,1.3004790409314084,39.02644047742184,0.007539930555555555
819,40.890588667906776,1.4820130688273228,39.03973788137708,0.007539930555555555
820,40.87073106738133,1.6559115688512793,39.05680761860067,0.007539930555555555
821,40.84944430280075,1.8235563106527393,39.07689939745018,0.007539930555555555
822,40.82696630055253,1.985950043445478,39.09947434194991,0.007539930555555555
823,40.803479244793124,2.143847692619026,39.12413027778737,0.007539930555555555
824,40.77912635234599,2.2978343706619206,39.15055782548765,0.007539930555555555
825,40.754022648774495,2.448374402917142,39.178513081025926,0.007539930555555555
826,40.72826218169984,2.595843537316988,39.20779982089359,0.007539930555555555
827,40.7019230161426,2.740550892756988,39.23825746722592,0.007539930555555555
828,40.67507079407924,2.8827543791862342,39.26975268869906,0.007539930555555555
829,40.647761333418224,3.022671816193148,39.30217338031394,0.007539930555555555
830,40.62004256593883,3.1604891312508676,39.335424248115956,0.007539930555555555
831,40.591956009076966,3.29636652341284,39.36942350571494,0.007539930555555555
832,40.56353790188852,3.4304431772416666,39.40410035896588,0.007539930555555555
833,40.534820094472714,3.5628409229453393,39.4393930608423,0.007539930555555555
834,40.50583075333958,3.6936671169156305,39.47524738631348,0.007539930555555555
835,40.54143356859498,3.164235071750226,39.44566966651753,0.007539930555555555
836,40.588227407548956,2.6524973826136806,39.41289919705456,0.007539930555555555
837,40.64931635516749,2.16306366424447,39.376031538066556,0.007539930555555555
838,40.72900221937396,1.7023490513543964,39.33380840032386,0.007539930555555555
839,40.8332343543997,1.2792779198995692,39.2844799067971,0.007539930555555555
840,40.96996063534405,0.9058778269750729,39.225688645750644,0.007539930555555555
